{
  "fits": [
{
  "fitId": "zkill-legion-133446555",
  "shipTypeId": 29986,
  "dpsTotal": 686.4047065732381,
  "alpha": 1734.435394308731,
  "ehp": 16830.695708895513,
  "resists": {
    "armor": {
      "em": 0.56,
      "exp": 0.6,
      "kin": 0.5471874999999999,
      "therm": 0.53525
    },
    "hull": {
      "em": 0.32999999999999996,
      "exp": 0.32999999999999996,
      "kin": 0.32999999999999996,
      "therm": 0.32999999999999996
    },
    "shield": {
      "em": 0,
      "exp": 0.75,
      "kin": 0.55,
      "therm": 0.19999999999999996
    }
  },
  "pyfaVersion": "local-pyfa-direct-all5-raw-eft"
},
{
  "fitId": "zkill-loki-133446334",
  "shipTypeId": 29990,
  "dpsTotal": 518.7197205559355,
  "alpha": 1558.017423356297,
  "ehp": 37715.36352808149,
  "resists": {
    "armor": {
      "em": 0.83,
      "exp": 0.235,
      "kin": 0.36250000000000004,
      "therm": 0.5856250000000001
    },
    "hull": {
      "em": 0.598,
      "exp": 0.598,
      "kin": 0.598,
      "therm": 0.598
    },
    "shield": {
      "em": 0.7881026481572881,
      "exp": 0.7881026481572881,
      "kin": 0.7457231777887458,
      "therm": 0.7457231777887458
    }
  },
  "pyfaVersion": "local-pyfa-direct-all5-raw-eft"
},
{
  "fitId": "zkill-proteus-133444509",
  "shipTypeId": 29988,
  "dpsTotal": 0,
  "alpha": 0,
  "ehp": 17740.163667629626,
  "resists": {
    "armor": {
      "em": 0.625,
      "exp": 0.6829983980560403,
      "kin": 0.75625,
      "therm": 0.634375
    },
    "hull": {
      "em": 0.32999999999999996,
      "exp": 0.32999999999999996,
      "kin": 0.32999999999999996,
      "therm": 0.32999999999999996
    },
    "shield": {
      "em": 0,
      "exp": 0.5,
      "kin": 0.7,
      "therm": 0.4
    }
  },
  "pyfaVersion": "local-pyfa-direct-all5-raw-eft"
},
{
  "fitId": "zkill-tengu-133445382",
  "shipTypeId": 29984,
  "dpsTotal": 472.0717782604153,
  "alpha": 1982.609002897849,
  "ehp": 17849.602739764734,
  "resists": {
    "armor": {
      "em": 0.5,
      "exp": 0.09999999999999998,
      "kin": 0.4375,
      "therm": 0.725
    },
    "hull": {
      "em": 0.32999999999999996,
      "exp": 0.32999999999999996,
      "kin": 0.32999999999999996,
      "therm": 0.32999999999999996
    },
    "shield": {
      "em": 0.32499999999999996,
      "exp": 0.6625,
      "kin": 0.69625,
      "therm": 0.73
    }
  },
  "pyfaVersion": "local-pyfa-direct-all5-raw-eft"
}
  ]
}
